{
  "id": "",
  "name": "",
  "font_family": "iconfont",
  "css_prefix_text": "icon-",
  "description": "",
  "glyphs": [
    {
      "icon_id": "90513",
      "name": "15天无理由退货",
      "font_class": "15tianwuliyoutuihuo",
      "unicode": "e606",
      "unicode_decimal": 58886
    },
    {
      "icon_id": "201525",
      "name": "礼物 活动",
      "font_class": "liwuhuodong",
      "unicode": "f01da",
      "unicode_decimal": 983514
    },
    {
      "icon_id": "577362",
      "name": "时钟",
      "font_class": "shizhong",
      "unicode": "e74f",
      "unicode_decimal": 59215
    },
    {
      "icon_id": "637766",
      "name": "购物车",
      "font_class": "gouwuche",
      "unicode": "e611",
      "unicode_decimal": 58897
    },
    {
      "icon_id": "666888",
      "name": "手机",
      "font_class": "shouji",
      "unicode": "e692",
      "unicode_decimal": 59026
    },
    {
      "icon_id": "838048",
      "name": "7天无理由退货",
      "font_class": "7tianwuliyoutuihuo",
      "unicode": "e60e",
      "unicode_decimal": 58894
    },
    {
      "icon_id": "1221892",
      "name": "个人",
      "font_class": "personal",
      "unicode": "e63f",
      "unicode_decimal": 58943
    },
    {
      "icon_id": "1314337",
      "name": "购物车",
      "font_class": "gouwuche1",
      "unicode": "e602",
      "unicode_decimal": 58882
    },
    {
      "icon_id": "2076190",
      "name": "搜索",
      "font_class": "sousuo",
      "unicode": "e86e",
      "unicode_decimal": 59502
    },
    {
      "icon_id": "2599059",
      "name": "话费充值",
      "font_class": "huafeichongzhi",
      "unicode": "e54f",
      "unicode_decimal": 58703
    },
    {
      "icon_id": "2674476",
      "name": "客服",
      "font_class": "kefu",
      "unicode": "e625",
      "unicode_decimal": 58917
    },
    {
      "icon_id": "7541947",
      "name": "24gl-building2",
      "font_class": "24gl-building2",
      "unicode": "e831",
      "unicode_decimal": 59441
    },
    {
      "icon_id": "9384061",
      "name": "定位",
      "font_class": "dingwei",
      "unicode": "e607",
      "unicode_decimal": 58887
    },
    {
      "icon_id": "9621684",
      "name": "米粉卡",
      "font_class": "mifenka",
      "unicode": "e608",
      "unicode_decimal": 58888
    },
    {
      "icon_id": "15784817",
      "name": "维修",
      "font_class": "weixiu",
      "unicode": "e74b",
      "unicode_decimal": 59211
    },
    {
      "icon_id": "16418753",
      "name": "小米商城F码",
      "font_class": "xiaomishangchengFma",
      "unicode": "e501",
      "unicode_decimal": 58625
    },
    {
      "icon_id": "22978022",
      "name": "聊天",
      "font_class": "liaotian",
      "unicode": "e89c",
      "unicode_decimal": 59548
    },
    {
      "icon_id": "35666196",
      "name": "以旧换新",
      "font_class": "yijiuhuanxin",
      "unicode": "e605",
      "unicode_decimal": 58885
    }
  ]
}
